"first_name","middle_name","last_name","full_name","gender","origin"
"pierre","paul","grivel","pierre paul grivel","m","zbmath"
"raul","","serapioni","raul serapioni","m","zbmath"
"adriano","","moura","adriano moura","m","zbmath"
"ralf","","kieser","ralf kieser","m","zbmath"
"guillermo","","leon-de-la-barra","guillermo leon-de-la-barra","m","zbmath"
"catherine","bouloux","marquet","catherine bouloux marquet","f","zbmath"
"sabina","","pannek","sabina pannek","f","zbmath"
"ralf","","kemper","ralf kemper","m","zbmath"
"karl","","breitung","karl breitung","m","zbmath"
"clemens","","bernhardson","clemens bernhardson","m","zbmath"
"gregory","","gelles","gregory gelles","m","zbmath"
"lester","","arguelles","lester arguelles","m","zbmath"
"claude","joachim","hamann","claude joachim hamann","m","zbmath"
"martin","","slawski","martin slawski","m","zbmath"
"vlad","","timofte","vlad timofte","m","zbmath"
"pasquale","","valentini","pasquale valentini","m","zbmath"
"lourdes","","fernandes","lourdes fernandes","f","zbmath"
"bruno","","crepon","bruno crepon","m","zbmath"
"thomas","","farver","thomas farver","m","zbmath"
"michael","","porter","michael porter","m","zbmath"
"jorge","drumond","silva","jorge drumond silva","m","zbmath"
"lewis","","hildyard","lewis hildyard","m","zbmath"
"klaus","","haverkamp","klaus haverkamp","m","zbmath"
"jost","hinrich","eschenburg","jost hinrich eschenburg","m","zbmath"
"takashi","","aoki","takashi aoki","m","zbmath"
"mirko","","muller","mirko muller","m","zbmath"
"herman","","erlichson","herman erlichson","m","zbmath"
"jim","","clay","jim clay","m","zbmath"
"jerzy","","jezierski","jerzy jezierski","m","zbmath"
"vitali","","wachtel","vitali wachtel","m","zbmath"
"martin","","soukenka","martin soukenka","m","zbmath"
"anatoly","","preygel","anatoly preygel","m","zbmath"
"tatiana","","filippova","tatiana filippova","f","zbmath"
"joachim","","apel","joachim apel","m","zbmath"
"james","","mccollum","james mccollum","m","zbmath"
"faton","","merovci","faton merovci","m","zbmath"
"goswin","","eisen","goswin eisen","m","zbmath"
"silke","","gehrke","silke gehrke","f","zbmath"
"samy","","tindel","samy tindel","m","zbmath"
"daniel","","mcdonald","daniel mcdonald","m","zbmath"
"paul","","bosch","paul bosch","m","zbmath"
"dominic","","klyve","dominic klyve","m","zbmath"
"mario","","dangelo","mario dangelo","m","zbmath"
"chris","","lynd","chris lynd","m","zbmath"
"marko","","matic","marko matic","m","zbmath"
"andras","","nagy","andras nagy","m","zbmath"
"boris","yakovlevich","levin","boris yakovlevich levin","m","zbmath"
"sergey","","lototsky","sergey lototsky","m","zbmath"
"polychronis","","xenikakis","polychronis xenikakis","m","zbmath"
"lionel","","bayle","lionel bayle","m","zbmath"
"jonathan","","goodman","jonathan goodman","m","zbmath"
"robert","","cahn","robert cahn","m","zbmath"
"john","","mardo","john mardo","m","zbmath"
"alaa","","abdel-hamid","alaa abdel-hamid","m","zbmath"
"mohamed","","mosbah","mohamed mosbah","m","zbmath"
"elena","","tatievskaya","elena tatievskaya","f","zbmath"
"marcel","","polakovic","marcel polakovic","m","zbmath"
"rafal","","kolodziej","rafal kolodziej","m","zbmath"
"gheorghe","","bantas","gheorghe bantas","m","zbmath"
"rachel","","fouladi","rachel fouladi","f","zbmath"
"magdalena","","bojarska","magdalena bojarska","f","zbmath"
"jungmin","","ahn","jungmin ahn","m","zbmath"
"zeynep","","kalaylioglu","zeynep kalaylioglu","f","zbmath"
"adam","","szpiro","adam szpiro","m","zbmath"
"elias","","wagner","elias wagner","m","zbmath"
"marek","cezary","zdun","marek cezary zdun","m","zbmath"
"janusz","","gorski","janusz gorski","m","zbmath"
"bahri","","turan","bahri turan","m","zbmath"
"luis","","giraldo-montes","luis giraldo-montes","m","zbmath"
"shahid","","kamal","shahid kamal","m","zbmath"
"joseph","","conrad","joseph conrad","m","zbmath"
"milovan","","jovanovic","milovan jovanovic","m","zbmath"
"mustapha","","cheggag","mustapha cheggag","m","zbmath"
"jesus","","fernandez-sanchez","jesus fernandez-sanchez","m","zbmath"
"jaume","","jordan","jaume jordan","m","zbmath"
"mauricio","","costa","mauricio costa","m","zbmath"
"stephen","","sturgeon","stephen sturgeon","m","zbmath"
"omer","","altun","omer altun","m","zbmath"
"hans","","wolters","hans wolters","m","zbmath"
"daniel","","vallieres","daniel vallieres","m","zbmath"
"rafael","","castro","rafael castro","m","zbmath"
"danny","","beckers","danny beckers","m","zbmath"
"pierre","loic","meliot","pierre loic meliot","m","zbmath"
"claudio","","jerez","claudio jerez","m","zbmath"
"steven","","tedford","steven tedford","m","zbmath"
"pedro","","jordan","pedro jordan","m","zbmath"
"oksana","","medvid","oksana medvid","f","zbmath"
"mark","","weil","mark weil","m","zbmath"
"manuel","","marques","manuel marques","m","zbmath"
"ekaterina","","eliseeva","ekaterina eliseeva","f","zbmath"
"eugen","","krug","eugen krug","m","zbmath"
"william","","vautaw","william vautaw","m","zbmath"
"richard","","mansfield","richard mansfield","m","zbmath"
"chokri","","abdelkefi","chokri abdelkefi","m","zbmath"
"luis","","sequeira","luis sequeira","m","zbmath"
"muhammad","","numan","muhammad numan","m","zbmath"
"gregory","","werner","gregory werner","m","zbmath"
"annie","","raymond","annie raymond","f","zbmath"
"nicolas","","gastineau","nicolas gastineau","m","zbmath"
"leonardo","","aguirre","leonardo aguirre","m","zbmath"
"gozde","","ozkan","gozde ozkan","f","zbmath"
"ross","","drynan","ross drynan","m","zbmath"
"matthias","","birkner","matthias birkner","m","zbmath"
"douglas","john","white","douglas john white","m","zbmath"
"davy","ho","chan","davy ho chan","m","zbmath"
"yolanda","","moreno","yolanda moreno","f","zbmath"
"bartlomiej","","bosek","bartlomiej bosek","m","zbmath"
"isabel","fraga","alves","isabel fraga alves","f","zbmath"
"jin","ho","choi","jin ho choi","m","zbmath"
"ruben","","agapito","ruben agapito","m","zbmath"
"bhopinder","","singh","bhopinder singh","m","zbmath"
"pavel","","jelinek","pavel jelinek","m","zbmath"
"andrei","","susea","andrei susea","m","zbmath"
"david","","mckinnon","david mckinnon","m","zbmath"
"john","ren","chen","john ren chen","m","zbmath"
"paul","","horwich","paul horwich","m","zbmath"
"darrel","","hankerson","darrel hankerson","m","zbmath"
"oumar","","diankha","oumar diankha","m","zbmath"
"toshiyuki","","morita","toshiyuki morita","m","zbmath"
"michael","","miesener","michael miesener","m","zbmath"
"carrie","","yam","carrie yam","f","zbmath"
"torsten","","weller","torsten weller","m","zbmath"
"kathrin","","fischer","kathrin fischer","f","zbmath"
"hector","","allende","hector allende","m","zbmath"
"miroslav","","asic","miroslav asic","m","zbmath"
"michel","","brestovski","michel brestovski","m","zbmath"
"outi","elina","maasalo","outi elina maasalo","f","zbmath"
"oliver","","pfaff","oliver pfaff","m","zbmath"
"andrew","","clark","andrew clark","m","zbmath"
"david","","stern","david stern","m","zbmath"
"dirk","","langemann","dirk langemann","m","zbmath"
"marie","francoise","delcroix","marie francoise delcroix","f","zbmath"
"hatem","","najar","hatem najar","m","zbmath"
"vladimir","","lifshitz","vladimir lifshitz","m","zbmath"
"mihyun","","kang","mihyun kang","f","zbmath"
"tatsuo","","sakai","tatsuo sakai","m","zbmath"
"alexander","","doktor","alexander doktor","m","zbmath"
"suhasini","subba","rao","suhasini subba rao","f","zbmath"
"roger","","jones","roger jones","m","zbmath"
"david","matthew","kelly","david matthew kelly","m","zbmath"
"diane","","hope","diane hope","f","zbmath"
"marc","","wouts","marc wouts","m","zbmath"
"horst","","kreth","horst kreth","m","zbmath"
"mark","","nixon","mark nixon","m","zbmath"
"florin","","vulpescu-jalea","florin vulpescu-jalea","m","zbmath"
"thomas","","king","thomas king","m","zbmath"
"kenji","","nishida","kenji nishida","m","zbmath"
"christian","","doring","christian doring","m","zbmath"
"norman","","levin","norman levin","m","zbmath"
"andreas","","floer","andreas floer","m","zbmath"
"vitaly","","ushakov","vitaly ushakov","m","zbmath"
"tomonori","","yamada","tomonori yamada","m","zbmath"
"stephen","","williamson","stephen williamson","m","zbmath"
"kent","","cantwell","kent cantwell","m","zbmath"
"igor","","samoilovych","igor samoilovych","m","zbmath"
"james","murray","hill","james murray hill","m","zbmath"
"henrik","","vosegaard","henrik vosegaard","m","zbmath"
"leonard","","kwuida","leonard kwuida","m","zbmath"
"gordon","","volk","gordon volk","m","zbmath"
"hamdi","","zorgati","hamdi zorgati","m","zbmath"
"lubica","","stanekova","lubica stanekova","f","zbmath"
"massimiliano","","pastore","massimiliano pastore","m","zbmath"
"catherine","","pardoux","catherine pardoux","f","zbmath"
"ernest","","rothman","ernest rothman","m","zbmath"
"emese","","vargyas","emese vargyas","f","zbmath"
"zoltan","","boros","zoltan boros","m","zbmath"
"reiner","","kallenborn","reiner kallenborn","m","zbmath"
"taro","","takimoto","taro takimoto","m","zbmath"
"gabrijela","","grujic","gabrijela grujic","f","zbmath"
"dmitry","","tamarkin","dmitry tamarkin","m","zbmath"
"maria","zofia","banaszczyk","maria zofia banaszczyk","f","zbmath"
"mehmet","namik","oguztoereli","mehmet namik oguztoereli","m","zbmath"
"irena","","lasiecka","irena lasiecka","f","zbmath"
"gary","","greenfield","gary greenfield","m","zbmath"
"rafael","","munoz-sola","rafael munoz-sola","m","zbmath"
"tomasz","","gorazd","tomasz gorazd","m","zbmath"
"seiya","","abe","seiya abe","m","zbmath"
"alexei","yu","karlovich","alexei yu karlovich","m","zbmath"
"ingrid","","glad","ingrid glad","f","zbmath"
"salah","","drabla","salah drabla","m","zbmath"
"malcolm","","cousland","malcolm cousland","m","zbmath"
"hideki","","nakamura","hideki nakamura","m","zbmath"
"philipp","","bodewig","philipp bodewig","m","zbmath"
"avi","","bick","avi bick","m","zbmath"
"soo","jin","kim","soo jin kim","f","zbmath"
"maciej","","dunajski","maciej dunajski","m","zbmath"
"daniel","","davison","daniel davison","m","zbmath"
"meenu","","verma","meenu verma","f","zbmath"
"stephen","","cowin","stephen cowin","m","zbmath"
"veska","","noncheva","veska noncheva","f","zbmath"
"stavros","","kousidis","stavros kousidis","m","zbmath"
"carlos","","garcia","carlos garcia","m","zbmath"
"andrey","","gromov","andrey gromov","m","zbmath"
"penny","","whiting","penny whiting","f","zbmath"
"arthur","","rothstein","arthur rothstein","m","zbmath"
"samuel","","alexander","samuel alexander","m","zbmath"
"miwa","","iwakura","miwa iwakura","f","zbmath"
"maurice","","goursat","maurice goursat","m","zbmath"
"krystyna","","gozdalska","krystyna gozdalska","f","zbmath"
"alexandru","","ghitza","alexandru ghitza","m","zbmath"
"abdullah","","saleh","abdullah saleh","m","zbmath"
"nader","","fallah","nader fallah","m","zbmath"
"serkan","","gugercin","serkan gugercin","m","zbmath"
"thomas","","knispel","thomas knispel","m","zbmath"
"paul","","ribenboim","paul ribenboim","m","zbmath"
"viorel","","cornea","viorel cornea","m","zbmath"
"yann","","peresse","yann peresse","m","zbmath"
"paul","","pinsky","paul pinsky","m","zbmath"
"enrico","","massa","enrico massa","m","zbmath"
"brad","","biggerstaff","brad biggerstaff","m","zbmath"
"stephen","","brooks","stephen brooks","m","zbmath"
"stanislaw","","wronski","stanislaw wronski","m","zbmath"
"figen","acil","kiraz","figen acil kiraz","f","zbmath"
"rakesh","","vohra","rakesh vohra","m","zbmath"
"rahul","","varshney","rahul varshney","m","zbmath"
"luis","","bel","luis bel","m","zbmath"
"santiago","","mira","santiago mira","m","zbmath"
"sunil","","audich","sunil audich","m","zbmath"
"michel","","klein","michel klein","m","zbmath"
"antoine","","vandendorpe","antoine vandendorpe","m","zbmath"
"maura","","mezzetti","maura mezzetti","f","zbmath"
"carl","","metzler","carl metzler","m","zbmath"
"carlos","","coimbra","carlos coimbra","m","zbmath"
"freddy","","bouchet","freddy bouchet","m","zbmath"
"jerald","","dauer","jerald dauer","m","zbmath"
"waldemar","","cieslak","waldemar cieslak","m","zbmath"
"marta","","llorente","marta llorente","f","zbmath"
"christopher","","cannings","christopher cannings","m","zbmath"
"maxim","","pavlov","maxim pavlov","m","zbmath"
"alberto","","verjovsky","alberto verjovsky","m","zbmath"
"erik","","monness","erik monness","m","zbmath"
"milija","","pavlovic","milija pavlovic","m","zbmath"
"fabrizio","","laurini","fabrizio laurini","m","zbmath"
"david","","woolbright","david woolbright","m","zbmath"
"hisayoshi","","shimizu","hisayoshi shimizu","m","zbmath"
"natalie","","thorne","natalie thorne","f","zbmath"
"izolda","","wiercinska","izolda wiercinska","f","zbmath"
"martin","","kruskemper","martin kruskemper","m","zbmath"
"mario","","perez-jimenez","mario perez-jimenez","m","zbmath"
"takahiro","","yatsuda","takahiro yatsuda","m","zbmath"
"antonio","","bonilla","antonio bonilla","m","zbmath"
"alf","birger","rustad","alf birger rustad","m","zbmath"
"james","","maynard","james maynard","m","zbmath"
"amir","","kavousi","amir kavousi","m","zbmath"
"robert","","godin","robert godin","m","zbmath"
"frode","","ronning","frode ronning","m","zbmath"
"roel","","willems","roel willems","m","zbmath"
"gareth","","ambler","gareth ambler","m","zbmath"
"ronald","","gordon","ronald gordon","m","zbmath"
"norbert","","adasch","norbert adasch","m","zbmath"
"konstantinos","","kanakoglou","konstantinos kanakoglou","m","zbmath"
"pierre","","marry","pierre marry","m","zbmath"
"nabil","","kahale","nabil kahale","m","zbmath"
"hitoshi","","horjo","hitoshi horjo","m","zbmath"
"dietrich","","suter","dietrich suter","m","zbmath"
"rade","","stanojevic","rade stanojevic","m","zbmath"
"thomas","","pietraho","thomas pietraho","m","zbmath"
"takuji","","sato","takuji sato","m","zbmath"
"kyriakos","","kilakos","kyriakos kilakos","m","zbmath"
"james","","maissen","james maissen","m","zbmath"
"irene","","livshits","irene livshits","f","zbmath"
"kelly","","schultz","kelly schultz","f","zbmath"
"nicusor","","minculete","nicusor minculete","m","zbmath"
"yoshihiko","","kitagaki","yoshihiko kitagaki","m","zbmath"
"nicolas","","george","nicolas george","m","zbmath"
"yurij","","lovejkin","yurij lovejkin","m","zbmath"
"joachim","","weickert","joachim weickert","m","zbmath"
"julio","","soria","julio soria","m","zbmath"
"matthias","","borowski","matthias borowski","m","zbmath"
"bernadette","","perrin-riou","bernadette perrin-riou","f","zbmath"
"anna","","bien","anna bien","f","zbmath"
"kazunori","","sakano","kazunori sakano","m","zbmath"
"sergey","","ermakov","sergey ermakov","m","zbmath"
"dragana","","cvetkovic-ilic","dragana cvetkovic-ilic","f","zbmath"
"andreas","","weinmann","andreas weinmann","m","zbmath"
"razvan","alin","satnoianu","razvan alin satnoianu","m","zbmath"
"beatriz","","sanz","beatriz sanz","f","zbmath"
"anna","","de-simone","anna de-simone","f","zbmath"
